datetime,timestamp,timestampms,tid,price,amount,exchange,type,notional
2026-03-11 00:43:21.870000+00:00,1773189801,1773189801870,2840140987661090,69840.95,0.00074834,gemini,sell,52.264776523
2026-03-11 00:41:57.731000+00:00,1773189717,1773189717731,2840140987661039,69870.52,0.00410109,gemini,sell,286.54529086680003
2026-03-11 00:41:57.731000+00:00,1773189717,1773189717731,2840140987661038,69872.63,0.00429,gemini,sell,299.75358270000004
2026-03-11 00:41:57.731000+00:00,1773189717,1773189717731,2840140987661037,69872.86,0.01430891,gemini,sell,999.8044651826
2026-03-11 00:41:57.731000+00:00,1773189717,1773189717731,2840140987661036,69877.76,0.017,gemini,sell,1187.92192
2026-03-11 00:41:39.062000+00:00,1773189699,1773189699062,2840140987661025,69889.9,0.25,gemini,sell,17472.475
2026-03-11 00:41:39.062000+00:00,1773189699,1773189699062,2840140987661024,69889.99,0.03755976,gemini,sell,2625.0512508024
2026-03-11 00:41:39.062000+00:00,1773189699,1773189699062,2840140987661023,69889.99,0.017,gemini,sell,1188.12983
2026-03-11 00:41:39.062000+00:00,1773189699,1773189699062,2840140987661022,69889.99,0.0227,gemini,sell,1586.5027730000002
2026-03-11 00:41:05.896000+00:00,1773189665,1773189665896,2840140987661012,69884.2,0.35,gemini,sell,24459.469999999998
2026-03-11 00:41:05.470000+00:00,1773189665,1773189665470,2840140987661008,69894.53,0.0227,gemini,sell,1586.605831
2026-03-11 00:41:05.470000+00:00,1773189665,1773189665470,2840140987661007,69894.53,0.017,gemini,sell,1188.20701
2026-03-11 00:40:03.708000+00:00,1773189603,1773189603708,2840140987660939,69938.6,0.00040446,gemini,buy,28.287366156
2026-03-11 00:39:24.259000+00:00,1773189564,1773189564259,2840140987660933,69938.27,0.0227,gemini,buy,1587.5987290000003
2026-03-11 00:38:08.855000+00:00,1773189488,1773189488855,2840140987660878,69958.4,0.01393558,gemini,buy,974.9108798719999
2026-03-11 00:38:04.735000+00:00,1773189484,1773189484735,2840140987660866,69981.18,0.00013463,gemini,buy,9.421566263399999
2026-03-11 00:37:22.928000+00:00,1773189442,1773189442928,2840140987660836,70005.28,0.01063442,gemini,buy,744.4655497376
2026-03-11 00:37:22.904000+00:00,1773189442,1773189442904,2840140987660834,70009.29,0.01063442,gemini,buy,744.5081937617999
2026-03-11 00:37:11.489000+00:00,1773189431,1773189431489,2840140987660802,69970.4,0.0005,gemini,buy,34.9852
2026-03-11 00:37:11.489000+00:00,1773189431,1773189431489,2840140987660798,69970.39,0.00297,gemini,sell,207.8120583
2026-03-11 00:36:44.241000+00:00,1773189404,1773189404241,2840140987660768,69914.44,7.335e-05,gemini,buy,5.128224174
2026-03-11 00:36:43.667000+00:00,1773189403,1773189403667,2840140987660764,69914.44,0.0014,gemini,buy,97.880216
2026-03-11 00:36:43.666000+00:00,1773189403,1773189403666,2840140987660760,69914.44,0.00916412,gemini,buy,640.7043178928
2026-03-11 00:36:43.666000+00:00,1773189403,1773189403666,2840140987660759,69914.44,0.00533588,gemini,buy,373.05506210720006
2026-03-11 00:36:43.666000+00:00,1773189403,1773189403666,2840140987660757,69914.44,0.0014,gemini,buy,97.880216
2026-03-11 00:36:20.916000+00:00,1773189380,1773189380916,2840140987660741,69914.44,0.00279068,gemini,buy,195.1088294192
2026-03-11 00:36:03.185000+00:00,1773189363,1773189363185,2840140987660717,69914.44,6.981e-05,gemini,buy,4.8807270564
2026-03-11 00:35:46.313000+00:00,1773189346,1773189346313,2840140987660689,69914.44,0.00069774,gemini,buy,48.7821013656
2026-03-11 00:35:27.484000+00:00,1773189327,1773189327484,2840140987660675,69899.15,0.00139567,gemini,buy,97.55614668049998
2026-03-11 00:34:56.406000+00:00,1773189296,1773189296406,2840140987660627,69906.15,6.983e-05,gemini,buy,4.8815464545
2026-03-11 00:34:32.042000+00:00,1773189272,1773189272042,2840140987660609,69902.46,0.00013951,gemini,buy,9.752092194600001
2026-03-11 00:33:47.115000+00:00,1773189227,1773189227115,2840140987660561,69903.88,0.00013951,gemini,buy,9.7522902988
2026-03-11 00:33:28.486000+00:00,1773189208,1773189208486,2840140987660553,69890.74,6.984e-05,gemini,buy,4.8811692816
2026-03-11 00:33:26.177000+00:00,1773189206,1773189206177,2840140987660549,69901.39,0.00013952,gemini,buy,9.7526419328
2026-03-11 00:33:17.274000+00:00,1773189197,1773189197274,2840140987660533,69893.29,0.0227,gemini,buy,1586.577683
2026-03-11 00:33:17.274000+00:00,1773189197,1773189197274,2840140987660532,69892.67,0.017,gemini,buy,1188.17539
2026-03-11 00:33:17.274000+00:00,1773189197,1773189197274,2840140987660531,69892.67,0.0227,gemini,buy,1586.563609
2026-03-11 00:33:17.274000+00:00,1773189197,1773189197274,2840140987660530,69892.43,0.017,gemini,buy,1188.17131
2026-03-11 00:33:17.274000+00:00,1773189197,1773189197274,2840140987660529,69892.43,0.0227,gemini,buy,1586.558161
2026-03-11 00:33:17.274000+00:00,1773189197,1773189197274,2840140987660528,69892.4,0.017,gemini,buy,1188.1708
2026-03-11 00:33:17.274000+00:00,1773189197,1773189197274,2840140987660527,69892.4,0.0227,gemini,buy,1586.55748
2026-03-11 00:33:17.274000+00:00,1773189197,1773189197274,2840140987660526,69892.32,0.017,gemini,buy,1188.1694400000001
2026-03-11 00:33:17.274000+00:00,1773189197,1773189197274,2840140987660525,69892.32,0.0227,gemini,buy,1586.5556640000002
2026-03-11 00:33:17.274000+00:00,1773189197,1773189197274,2840140987660524,69891.97,0.017,gemini,buy,1188.1634900000001
2026-03-11 00:33:17.274000+00:00,1773189197,1773189197274,2840140987660523,69891.71,0.017,gemini,buy,1188.1590700000002
2026-03-11 00:33:17.274000+00:00,1773189197,1773189197274,2840140987660522,69891.71,0.03755914,gemini,buy,2625.0725207294
2026-03-11 00:33:14.645000+00:00,1773189194,1773189194645,2840140987660518,69885.28,0.01063747,gemini,buy,743.4025694416
2026-03-11 00:33:04.565000+00:00,1773189184,1773189184565,2840140987660506,69885.28,0.00069806,gemini,buy,48.7841185568
2026-03-11 00:32:48.983000+00:00,1773189168,1773189168983,2840140987660472,69887.48,0.0227,gemini,buy,1586.445796
2026-03-11 00:32:48.171000+00:00,1773189168,1773189168171,2840140987660464,69889.32,0.0227,gemini,buy,1586.4875640000002
2026-03-11 00:32:46.995000+00:00,1773189166,1773189166995,2840140987660460,69889.59,0.0227,gemini,buy,1586.4936930000001
2026-03-11 00:32:31.707000+00:00,1773189151,1773189151707,2840140987660434,69929.38,0.00139505,gemini,buy,97.554981569
2026-03-11 00:32:27.585000+00:00,1773189147,1773189147585,2840140987660413,69954.23,0.0227,gemini,sell,1587.961021
2026-03-11 00:32:25.421000+00:00,1773189145,1773189145421,2840140987660411,69960.74,0.0227,gemini,buy,1588.1087980000002
2026-03-11 00:32:16.337000+00:00,1773189136,1773189136337,2840140987660399,69975.72,0.00139417,gemini,buy,97.55804955239999
2026-03-11 00:32:11.897000+00:00,1773189131,1773189131897,2840140987660385,69973.29,0.0089,gemini,sell,622.7622809999999
2026-03-11 00:32:08.170000+00:00,1773189128,1773189128170,2840140987660372,69988.28,0.0227,gemini,sell,1588.733956
2026-03-11 00:32:08.170000+00:00,1773189128,1773189128170,2840140987660371,69989.69,0.017,gemini,sell,1189.82473
2026-03-11 00:32:06.432000+00:00,1773189126,1773189126432,2840140987660354,69978.07,0.00098243,gemini,sell,68.74855531010002
2026-03-11 00:31:59.217000+00:00,1773189119,1773189119217,2840140987660337,70017.74,0.00013928,gemini,buy,9.7520708272
2026-03-11 00:31:56.315000+00:00,1773189116,1773189116315,2840140987660333,70013.45,0.01678551,gemini,sell,1175.2114651094998
2026-03-11 00:31:33.844000+00:00,1773189093,1773189093844,2840140987660307,70029.53,0.0227,gemini,buy,1589.670331
2026-03-11 00:31:33.844000+00:00,1773189093,1773189093844,2840140987660306,70029.52,0.017,gemini,buy,1190.5018400000001
2026-03-11 00:31:23.804000+00:00,1773189083,1773189083804,2840140987660294,70045.87,6.968e-05,gemini,buy,4.8807962216
2026-03-11 00:31:13.053000+00:00,1773189073,1773189073053,2840140987660269,70045.87,1.399e-05,gemini,buy,0.9799417212999999
2026-03-11 00:31:07.806000+00:00,1773189067,1773189067806,2840140987660263,70037.91,0.017,gemini,buy,1190.6444700000002
2026-03-11 00:30:58.904000+00:00,1773189058,1773189058904,2840140987660231,70045.87,0.00013922,gemini,buy,9.751786021400001
2026-03-11 00:30:54.654000+00:00,1773189054,1773189054654,2840140987660227,70045.87,0.00029245,gemini,buy,20.484914681499998
2026-03-11 00:30:52.027000+00:00,1773189052,1773189052027,2840140987660223,70045.87,0.0002786,gemini,buy,19.514779381999997
2026-03-11 00:30:49.478000+00:00,1773189049,1773189049478,2840140987660219,70042.96,0.00295856,gemini,buy,207.22629973760002
2026-03-11 00:30:49.478000+00:00,1773189049,1773189049478,2840140987660217,70042.96,0.00056,gemini,buy,39.2240576
2026-03-11 00:30:49.472000+00:00,1773189049,1773189049472,2840140987660215,70042.96,0.00242,gemini,buy,169.50396320000002
2026-03-11 00:30:49.465000+00:00,1773189049,1773189049465,2840140987660213,70042.96,0.00149,gemini,buy,104.36401040000001
2026-03-11 00:30:49.458000+00:00,1773189049,1773189049458,2840140987660211,70042.96,0.003,gemini,buy,210.12888
2026-03-11 00:30:44.446000+00:00,1773189044,1773189044446,2840140987660207,70042.96,6.968e-05,gemini,buy,4.8805934528
2026-03-11 00:30:41.262000+00:00,1773189041,1773189041262,2840140987660203,70042.96,0.00013923,gemini,buy,9.752081320800002
2026-03-11 00:30:40.425000+00:00,1773189040,1773189040425,2840140987660199,70045.87,0.0227,gemini,sell,1590.041249
2026-03-11 00:30:40.425000+00:00,1773189040,1773189040425,2840140987660198,70045.87,0.017,gemini,sell,1190.77979
2026-03-11 00:30:02.847000+00:00,1773189002,1773189002847,2840140987660188,70049.89,0.00714286,gemini,sell,500.3565572854
2026-03-11 00:29:57.419000+00:00,1773188997,1773188997419,2840140987660176,70063.76,0.00356,gemini,buy,249.42698559999997
2026-03-11 00:29:52.915000+00:00,1773188992,1773188992915,2840140987660166,70075.78,0.00104413,gemini,buy,73.16822417140001
2026-03-11 00:29:24.398000+00:00,1773188964,1773188964398,2840140987660146,70075.0,0.40000498,gemini,sell,28030.3489735
2026-03-11 00:29:24.398000+00:00,1773188964,1773188964398,2840140987660144,70075.0,0.08,gemini,sell,5606.0
2026-03-11 00:29:24.398000+00:00,1773188964,1773188964398,2840140987660142,70075.0,0.28000498,gemini,sell,19621.3489735
2026-03-11 00:29:24.388000+00:00,1773188964,1773188964388,2840140987660140,70080.08,0.0227,gemini,sell,1590.8178160000002
2026-03-11 00:29:24.383000+00:00,1773188964,1773188964383,2840140987660135,70080.35,0.017,gemini,sell,1191.36595
2026-03-11 00:29:24.383000+00:00,1773188964,1773188964383,2840140987660134,70081.77,0.03745375,gemini,sell,2624.8250931375
2026-03-11 00:29:24.383000+00:00,1773188964,1773188964383,2840140987660133,70082.1,0.07833,gemini,sell,5489.530893
2026-03-11 00:29:24.383000+00:00,1773188964,1773188964383,2840140987660132,70085.08,0.0227,gemini,sell,1590.9313160000002
2026-03-11 00:29:24.383000+00:00,1773188964,1773188964383,2840140987660130,70082.1,0.27167,gemini,sell,19039.204107
2026-03-11 00:29:24.383000+00:00,1773188964,1773188964383,2840140987660128,70089.18,0.0227,gemini,sell,1591.024386
2026-03-11 00:29:16.645000+00:00,1773188956,1773188956645,2840140987660115,70089.78,0.00033587,gemini,buy,23.5410544086
2026-03-11 00:29:08.017000+00:00,1773188948,1773188948017,2840140987660103,70100.06,0.00139164,gemini,buy,97.5540474984
2026-03-11 00:29:06.841000+00:00,1773188946,1773188946841,2840140987660099,70104.19,0.017,gemini,sell,1191.77123
2026-03-11 00:28:58.777000+00:00,1773188938,1773188938777,2840140987660080,70092.39,1.398e-05,gemini,buy,0.9798916122
2026-03-11 00:28:52.777000+00:00,1773188932,1773188932777,2840140987660072,70095.17,0.00018094,gemini,buy,12.6830200598
2026-03-11 00:28:47.110000+00:00,1773188927,1773188927110,2840140987660064,70094.57,0.017,gemini,sell,1191.6076900000003
2026-03-11 00:28:45.619000+00:00,1773188925,1773188925619,2840140987660062,70126.58,0.0495,gemini,sell,3471.26571
2026-03-11 00:28:42.344000+00:00,1773188922,1773188922344,2840140987660058,70126.59,0.00041734,gemini,buy,29.2666310706
2026-03-11 00:28:40.717000+00:00,1773188920,1773188920717,2840140987660050,70129.12,0.00025044,gemini,buy,17.5631368128
2026-03-11 00:28:39.608000+00:00,1773188919,1773188919608,2840140987660046,70136.95,6.959e-05,gemini,buy,4.8808303505
2026-03-11 00:28:38.347000+00:00,1773188918,1773188918347,2840140987660036,70134.66,0.00090338,gemini,sell,63.3582491508
2026-03-11 00:28:16.658000+00:00,1773188896,1773188896658,2840140987660030,70152.59,0.0023,gemini,buy,161.350957
2026-03-11 00:28:16.649000+00:00,1773188896,1773188896649,2840140987660028,70140.67,0.03743329,gemini,buy,2625.5960409043
2026-03-11 00:28:16.647000+00:00,1773188896,1773188896647,2840140987660024,70138.88,0.01030363,gemini,buy,722.6850681344
2026-03-11 00:28:06.917000+00:00,1773188886,1773188886917,2840140987660018,70138.11,0.00278181,gemini,buy,195.1108957791
2026-03-11 00:27:57.963000+00:00,1773188877,1773188877963,2840140987660010,70138.88,5.561e-05,gemini,buy,3.9004231168000003
2026-03-11 00:27:53.761000+00:00,1773188873,1773188873761,2840140987660006,70138.88,0.00027823,gemini,buy,19.5147405824
2026-03-11 00:27:45.426000+00:00,1773188865,1773188865426,2840140987660002,70136.32,0.00026751,gemini,buy,18.762166963200002
2026-03-11 00:27:38.186000+00:00,1773188858,1773188858186,2840140987659995,70133.27,0.01685444,gemini,buy,1182.0569912188
2026-03-11 00:27:38.186000+00:00,1773188858,1773188858186,2840140987659994,70122.87,0.01169272,gemini,buy,819.9270845064
2026-03-11 00:27:35.841000+00:00,1773188855,1773188855841,2840140987659986,70122.87,0.00034776,gemini,buy,24.3859292712
2026-03-11 00:27:19.170000+00:00,1773188839,1773188839170,2840140987659976,70090.22,0.022,gemini,sell,1541.9848399999998
2026-03-11 00:26:43.815000+00:00,1773188803,1773188803815,2840140987659956,70076.01,0.00419993,gemini,buy,294.31433667929997
2026-03-11 00:26:25.307000+00:00,1773188785,1773188785307,2840140987659918,70076.0,1.41013985,gemini,buy,98816.9601286
2026-03-11 00:26:25.307000+00:00,1773188785,1773188785307,2840140987659917,70074.51,0.0495,gemini,buy,3468.688245
2026-03-11 00:26:25.307000+00:00,1773188785,1773188785307,2840140987659916,70073.63,0.017,gemini,buy,1191.2517100000002
2026-03-11 00:26:25.307000+00:00,1773188785,1773188785307,2840140987659915,70072.34,0.00428,gemini,buy,299.90961519999996
2026-03-11 00:26:25.307000+00:00,1773188785,1773188785307,2840140987659914,70070.59,0.01063747,gemini,buy,745.3737990072999
2026-03-11 00:26:25.307000+00:00,1773188785,1773188785307,2840140987659913,70070.1,0.35,gemini,buy,24524.535
2026-03-11 00:26:25.307000+00:00,1773188785,1773188785307,2840140987659912,70069.21,0.0227,gemini,buy,1590.5710670000003
2026-03-11 00:26:25.307000+00:00,1773188785,1773188785307,2840140987659911,70069.2,0.00398863,gemini,buy,279.480113196
2026-03-11 00:26:25.307000+00:00,1773188785,1773188785307,2840140987659910,70068.83,0.00428,gemini,buy,299.8945924
2026-03-11 00:26:25.307000+00:00,1773188785,1773188785307,2840140987659909,70067.99,0.01167932,gemini,buy,818.3464769668001
2026-03-11 00:26:25.307000+00:00,1773188785,1773188785307,2840140987659908,70066.62,0.017,gemini,buy,1191.13254
2026-03-11 00:26:25.307000+00:00,1773188785,1773188785307,2840140987659907,70062.62,0.14990202,gemini,buy,10502.5282644924
2026-03-11 00:26:25.307000+00:00,1773188785,1773188785307,2840140987659906,70059.61,0.03747551,gemini,buy,2625.5196151511
2026-03-11 00:26:00.152000+00:00,1773188760,1773188760152,2840140987659882,70059.44,0.22257624,gemini,sell,15593.566731705601
2026-03-11 00:25:57.472000+00:00,1773188757,1773188757472,2840140987659878,70059.44,0.27742376,gemini,sell,19436.1532682944
2026-03-11 00:25:38.936000+00:00,1773188738,1773188738936,2840140987659850,70059.41,6.967e-05,gemini,buy,4.8810390947
2026-03-11 00:25:31.253000+00:00,1773188731,1773188731253,2840140987659842,70061.59,0.00067199,gemini,buy,47.0806878641
2026-03-11 00:25:28.985000+00:00,1773188728,1773188728985,2840140987659836,70060.03,0.00139244,gemini,buy,97.5543881732
2026-03-11 00:25:14.357000+00:00,1773188714,1773188714357,2840140987659826,70064.49,0.00278491,gemini,buy,195.1232988459
2026-03-11 00:25:07.607000+00:00,1773188707,1773188707607,2840140987659810,70039.27,0.00020893,gemini,buy,14.6333046811
2026-03-11 00:25:00.850000+00:00,1773188700,1773188700850,2840140987659806,70061.43,0.00474,gemini,buy,332.0911782
2026-03-11 00:25:00.185000+00:00,1773188700,1773188700185,2840140987659804,70070.22,0.00125,gemini,buy,87.58777500000001
2026-03-11 00:25:00.164000+00:00,1773188700,1773188700164,2840140987659802,70070.6,0.00232,gemini,buy,162.563792
2026-03-11 00:24:47.239000+00:00,1773188687,1773188687239,2840140987659794,70091.34,0.00047321,gemini,buy,33.1679230014
2026-03-11 00:24:44.295000+00:00,1773188684,1773188684295,2840140987659790,70090.01,0.00069598,gemini,buy,48.781245159799994
2026-03-11 00:24:39.989000+00:00,1773188679,1773188679989,2840140987659786,70113.78,0.00089,gemini,buy,62.40126419999999
2026-03-11 00:24:39.982000+00:00,1773188679,1773188679982,2840140987659784,70113.78,0.00234,gemini,buy,164.0662452
2026-03-11 00:24:39.975000+00:00,1773188679,1773188679975,2840140987659782,70114.05,0.00151,gemini,buy,105.87221550000001
2026-03-11 00:24:39.804000+00:00,1773188679,1773188679804,2840140987659778,70112.37,0.00024289,gemini,buy,17.0295935493
2026-03-11 00:24:33.490000+00:00,1773188673,1773188673490,2840140987659764,70091.9,0.00067193,gemini,buy,47.096850367
2026-03-11 00:24:31.206000+00:00,1773188671,1773188671206,2840140987659760,70065.63,8.318e-05,gemini,buy,5.8280591034
2026-03-11 00:24:31.133000+00:00,1773188671,1773188671133,2840140987659756,70065.63,0.0105207,gemini,buy,737.139473541
2026-03-11 00:24:31.133000+00:00,1773188671,1773188671133,2840140987659755,70065.63,0.0029793,gemini,buy,208.746531459
2026-03-11 00:24:26.627000+00:00,1773188666,1773188666627,2840140987659747,70065.63,0.00765802,gemini,buy,536.5639958526
2026-03-11 00:24:19.074000+00:00,1773188659,1773188659074,2840140987659741,70031.67,3.732e-05,gemini,buy,2.6135819244
2026-03-11 00:24:18.909000+00:00,1773188658,1773188658909,2840140987659737,70031.67,0.0106,gemini,buy,742.335702
2026-03-11 00:24:04.526000+00:00,1773188644,1773188644526,2840140987659733,70031.67,0.00208957,gemini,buy,146.33607668189998
2026-03-11 00:24:03.286000+00:00,1773188643,1773188643286,2840140987659729,70031.67,0.00027865,gemini,buy,19.514324845500003
2026-03-11 00:23:49.327000+00:00,1773188629,1773188629327,2840140987659689,70053.54,4.183e-05,gemini,buy,2.9303395781999995
2026-03-11 00:23:43.474000+00:00,1773188623,1773188623474,2840140987659674,70064.15,8.962e-05,gemini,buy,6.279149123
2026-03-11 00:23:43.474000+00:00,1773188623,1773188623474,2840140987659673,70060.86,0.0013028,gemini,buy,91.275288408
2026-03-11 00:23:27.562000+00:00,1773188607,1773188607562,2840140987659669,70030.21,8.58e-06,gemini,buy,0.6008592018
2026-03-11 00:23:27.381000+00:00,1773188607,1773188607381,2840140987659665,70030.21,0.01062,gemini,buy,743.7208302
2026-03-11 00:22:57.046000+00:00,1773188577,1773188577046,2840140987659637,70009.43,0.00020902,gemini,buy,14.633371058599998
2026-03-11 00:22:15.544000+00:00,1773188535,1773188535544,2840140987659589,69990.0,0.00278611,gemini,sell,194.99983890000001
2026-03-11 00:22:03.738000+00:00,1773188523,1773188523738,2840140987659558,70003.66,0.00043,gemini,buy,30.1015738
2026-03-11 00:21:53.449000+00:00,1773188513,1773188513449,2840140987659498,69990.01,0.00013934,gemini,buy,9.7524079934
2026-03-11 00:21:39.531000+00:00,1773188499,1773188499531,2840140987659492,70002.11,0.00246,gemini,buy,172.2051906
2026-03-11 00:21:30.239000+00:00,1773188490,1773188490239,2840140987659484,70010.56,0.00224,gemini,buy,156.82365439999998
2026-03-11 00:21:30.107000+00:00,1773188490,1773188490107,2840140987659482,70011.22,0.00027,gemini,buy,18.9030294
2026-03-11 00:21:26.025000+00:00,1773188486,1773188486025,2840140987659480,70011.31,0.0021,gemini,buy,147.02375099999998
2026-03-11 00:21:22.587000+00:00,1773188482,1773188482587,2840140987659470,70023.28,2.785e-05,gemini,buy,1.950148348
2026-03-11 00:20:44.716000+00:00,1773188444,1773188444716,2840140987659419,69994.85,0.00278747,gemini,buy,195.1085445295
2026-03-11 00:20:41.255000+00:00,1773188441,1773188441255,2840140987659415,70003.41,1.4e-05,gemini,buy,0.9800477400000001
2026-03-11 00:20:36.626000+00:00,1773188436,1773188436626,2840140987659410,70001.15,0.0227,gemini,sell,1589.026105
2026-03-11 00:20:36.626000+00:00,1773188436,1773188436626,2840140987659409,70001.79,0.0227,gemini,sell,1589.0406329999998
2026-03-11 00:20:36.626000+00:00,1773188436,1773188436626,2840140987659408,70001.79,0.017,gemini,sell,1190.03043
2026-03-11 00:20:35.961000+00:00,1773188435,1773188435961,2840140987659404,70000.1,6.973e-05,gemini,buy,4.8811069730000005
2026-03-11 00:20:28.456000+00:00,1773188428,1773188428456,2840140987659396,70012.51,0.00041802,gemini,buy,29.2666294302
2026-03-11 00:20:24.308000+00:00,1773188424,1773188424308,2840140987659391,70026.5,0.00745819,gemini,buy,522.270942035
2026-03-11 00:20:24.308000+00:00,1773188424,1773188424308,2840140987659390,70022.14,0.0227,gemini,buy,1589.502578
2026-03-11 00:20:15.281000+00:00,1773188415,1773188415281,2840140987659382,70021.48,0.00015483,gemini,buy,10.841425748399999
2026-03-11 00:20:13.359000+00:00,1773188413,1773188413359,2840140987659380,70045.25,0.00014143,gemini,sell,9.9064997075
2026-03-11 00:20:04.110000+00:00,1773188404,1773188404110,2840140987659360,70060.79,0.00013919,gemini,buy,9.7517613601
2026-03-11 00:19:55.145000+00:00,1773188395,1773188395145,2840140987659336,70029.8,0.0104,gemini,buy,728.30992
2026-03-11 00:19:44.097000+00:00,1773188384,1773188384097,2840140987659302,70017.98,7.32e-06,gemini,buy,0.5125316136
2026-03-11 00:19:44.096000+00:00,1773188384,1773188384096,2840140987659298,70017.98,0.01063,gemini,buy,744.2911274
2026-03-11 00:19:33.435000+00:00,1773188373,1773188373435,2840140987659242,70007.2,5.657e-05,gemini,buy,3.960307304
2026-03-11 00:19:31.274000+00:00,1773188371,1773188371274,2840140987659238,69996.18,0.01746,gemini,sell,1222.1333028
2026-03-11 00:19:31.269000+00:00,1773188371,1773188371269,2840140987659236,69996.18,0.0227,gemini,sell,1588.913286
2026-03-11 00:19:31.237000+00:00,1773188371,1773188371237,2840140987659232,69991.0,0.135,gemini,buy,9448.785
2026-03-11 00:19:31.237000+00:00,1773188371,1773188371237,2840140987659230,69991.0,0.6435,gemini,buy,45039.2085
2026-03-11 00:19:31.235000+00:00,1773188371,1773188371235,2840140987659226,69990.99,0.00404,gemini,sell,282.7635996
2026-03-11 00:19:31.227000+00:00,1773188371,1773188371227,2840140987659218,69991.0,0.13696811,gemini,buy,9586.53498701
2026-03-11 00:19:31.227000+00:00,1773188371,1773188371227,2840140987659217,69989.54,0.01214,gemini,buy,849.6730155999999
2026-03-11 00:19:31.227000+00:00,1773188371,1773188371227,2840140987659216,69987.81,0.017,gemini,buy,1189.79277
2026-03-11 00:19:31.227000+00:00,1773188371,1773188371227,2840140987659215,69987.81,0.0227,gemini,buy,1588.723287
2026-03-11 00:19:31.227000+00:00,1773188371,1773188371227,2840140987659214,69984.65,0.00428,gemini,buy,299.53430199999997
2026-03-11 00:19:31.227000+00:00,1773188371,1773188371227,2840140987659213,69983.8,0.00907721,gemini,buy,635.2576491980001
2026-03-11 00:19:31.226000+00:00,1773188371,1773188371226,2840140987659211,69983.8,0.14924515,gemini,buy,10444.74272857
2026-03-11 00:19:31.226000+00:00,1773188371,1773188371226,2840140987659205,69983.8,0.19167764,gemini,buy,13414.329622232
2026-03-11 00:19:31.226000+00:00,1773188371,1773188371226,2840140987659204,69983.49,0.00192768,gemini,buy,134.9057740032
2026-03-11 00:19:31.226000+00:00,1773188371,1773188371226,2840140987659203,69981.15,0.00428,gemini,buy,299.519322
2026-03-11 00:19:31.226000+00:00,1773188371,1773188371226,2840140987659198,69973.76,0.15008017,gemini,buy,10501.6737963392
2026-03-11 00:19:31.226000+00:00,1773188371,1773188371226,2840140987659197,69971.38,0.03752004,gemini,buy,2625.3289764552
2026-03-11 00:19:31.226000+00:00,1773188371,1773188371226,2840140987659196,69971.38,0.01028511,gemini,buy,719.6633401518001
2026-03-11 00:19:30.198000+00:00,1773188370,1773188370198,2840140987659194,69971.37,0.00142988,gemini,sell,100.05066253559998
2026-03-11 00:19:21.098000+00:00,1773188361,1773188361098,2840140987659178,69971.38,0.00013937,gemini,buy,9.7519112306
2026-03-11 00:19:14.418000+00:00,1773188354,1773188354418,2840140987659162,69958.33,0.0227,gemini,buy,1588.0540910000002
2026-03-11 00:19:07.909000+00:00,1773188347,1773188347909,2840140987659148,69943.51,0.0013948,gemini,buy,97.557207748
2026-03-11 00:19:07.906000+00:00,1773188347,1773188347906,2840140987659142,69943.51,0.00069747,gemini,buy,48.78349991969999
2026-03-11 00:19:05.045000+00:00,1773188345,1773188345045,2840140987659138,69908.04,5.954e-05,gemini,buy,4.1623247016
2026-03-11 00:19:05.020000+00:00,1773188345,1773188345020,2840140987659134,69908.04,0.0103,gemini,buy,720.0528119999999
2026-03-11 00:18:30.113000+00:00,1773188310,1773188310113,2840140987659101,69933.4,0.42897957,gemini,sell,29999.999860637996
2026-03-11 00:18:22.074000+00:00,1773188302,1773188302074,2840140987659079,69936.17,0.00295,gemini,buy,206.3117015
2026-03-11 00:18:20.810000+00:00,1773188300,1773188300810,2840140987659067,69984.03,3.11e-06,gemini,sell,0.2176503333
2026-03-11 00:18:20.810000+00:00,1773188300,1773188300810,2840140987659065,69984.03,0.02116,gemini,sell,1480.8620748
2026-03-11 00:18:11.607000+00:00,1773188291,1773188291607,2840140987658995,69984.04,0.01074386,gemini,buy,751.8987279943999
2026-03-11 00:18:02.636000+00:00,1773188282,1773188282636,2840140987658967,69990.62,8.7e-05,gemini,sell,6.08918394
2026-03-11 00:17:55.125000+00:00,1773188275,1773188275125,2840140987658955,69996.21,0.00139415,gemini,buy,97.58521617150001
2026-03-11 00:17:52.527000+00:00,1773188272,1773188272527,2840140987658947,69982.43,0.00139444,gemini,buy,97.58629968919999
2026-03-11 00:17:45.482000+00:00,1773188265,1773188265482,2840140987658935,70000.0,3.85e-06,gemini,sell,0.2695
2026-03-11 00:17:45.447000+00:00,1773188265,1773188265447,2840140987658933,70000.0,0.00776,gemini,sell,543.2
2026-03-11 00:17:17.758000+00:00,1773188237,1773188237758,2840140987658873,70037.43,0.0227,gemini,sell,1589.849661
2026-03-11 00:17:17.403000+00:00,1773188237,1773188237403,2840140987658871,70022.45,0.0227,gemini,sell,1589.509615
2026-03-11 00:17:16.742000+00:00,1773188236,1773188236742,2840140987658867,70000.01,0.05451633,gemini,buy,3816.1436451633
2026-03-11 00:17:16.742000+00:00,1773188236,1773188236742,2840140987658866,70000.01,0.03750367,gemini,buy,2625.2572750367
2026-03-11 00:17:16.742000+00:00,1773188236,1773188236742,2840140987658865,70000.01,0.017,gemini,buy,1190.00017
2026-03-11 00:17:16.742000+00:00,1773188236,1773188236742,2840140987658864,70000.01,0.0227,gemini,buy,1589.000227
2026-03-11 00:16:49.998000+00:00,1773188209,1773188209998,2840140987658828,70000.01,0.00011,gemini,buy,7.7000011
2026-03-11 00:16:49.984000+00:00,1773188209,1773188209984,2840140987658824,70000.05,0.00139,gemini,buy,97.3000695
2026-03-11 00:16:25.083000+00:00,1773188185,1773188185083,2840140987658812,70006.81,0.0227,gemini,sell,1589.154587
2026-03-11 00:16:17.986000+00:00,1773188177,1773188177986,2840140987658806,70000.67,0.03750383,gemini,buy,2625.2932275661
2026-03-11 00:16:03.045000+00:00,1773188163,1773188163045,2840140987658799,70008.26,0.0227,gemini,sell,1589.187502
2026-03-11 00:16:03.045000+00:00,1773188163,1773188163045,2840140987658798,70008.89,0.0227,gemini,sell,1589.2018030000002
2026-03-11 00:16:03.045000+00:00,1773188163,1773188163045,2840140987658797,70008.89,0.017,gemini,sell,1190.15113
2026-03-11 00:16:03.045000+00:00,1773188163,1773188163045,2840140987658796,70009.67,0.0227,gemini,sell,1589.219509
2026-03-11 00:16:03.045000+00:00,1773188163,1773188163045,2840140987658795,70011.7,0.017,gemini,sell,1190.1989
2026-03-11 00:15:58.005000+00:00,1773188158,1773188158005,2840140987658791,70000.58,0.00289,gemini,buy,202.30167620000003
2026-03-11 00:15:57.995000+00:00,1773188157,1773188157995,2840140987658787,70002.17,0.00043,gemini,buy,30.1009331
2026-03-11 00:15:57.885000+00:00,1773188157,1773188157885,2840140987658785,70006.58,0.00104,gemini,buy,72.80684319999999
2026-03-11 00:15:57.878000+00:00,1773188157,1773188157878,2840140987658783,70006.58,0.0035,gemini,buy,245.02303
2026-03-11 00:15:56.231000+00:00,1773188156,1773188156231,2840140987658779,70018.31,0.017,gemini,sell,1190.3112700000001
2026-03-11 00:15:44.036000+00:00,1773188144,1773188144036,2840140987658777,70016.95,0.00553,gemini,buy,387.1937335
2026-03-11 00:15:40.809000+00:00,1773188140,1773188140809,2840140987658773,70022.94,0.00299,gemini,buy,209.3685906
2026-03-11 00:15:01.910000+00:00,1773188101,1773188101910,2840140987658754,70057.69,0.00112,gemini,buy,78.4646128
2026-03-11 00:14:57.752000+00:00,1773188097,1773188097752,2840140987658752,70087.52,0.0495,gemini,sell,3469.33224
2026-03-11 00:14:08.421000+00:00,1773188048,1773188048421,2840140987658744,70094.59,0.0227,gemini,sell,1591.147193
2026-03-11 00:14:08.410000+00:00,1773188048,1773188048410,2840140987658736,70094.59,0.00286,gemini,sell,200.4705274
2026-03-11 00:14:08.407000+00:00,1773188048,1773188048407,2840140987658734,70094.6,0.16,gemini,buy,11215.136
2026-03-11 00:14:08.403000+00:00,1773188048,1773188048403,2840140987658732,70091.78,0.00574,gemini,buy,402.3268172
2026-03-11 00:14:08.403000+00:00,1773188048,1773188048403,2840140987658730,70091.78,0.0143,gemini,buy,1002.312454
2026-03-11 00:14:08.402000+00:00,1773188048,1773188048402,2840140987658728,70092.22,0.01552538,gemini,buy,1088.2083505436
2026-03-11 00:14:08.402000+00:00,1773188048,1773188048402,2840140987658717,70092.22,0.18388439,gemini,buy,12888.865118445801
2026-03-11 00:14:08.402000+00:00,1773188048,1773188048402,2840140987658716,70091.78,0.00137314,gemini,buy,96.2458267892
2026-03-11 00:14:08.402000+00:00,1773188048,1773188048402,2840140987658715,70091.23,0.01063672,gemini,buy,745.5407879656
2026-03-11 00:14:08.402000+00:00,1773188048,1773188048402,2840140987658714,70087.56,0.017,gemini,buy,1191.48852
2026-03-11 00:14:08.402000+00:00,1773188048,1773188048402,2840140987658713,70087.29,0.0227,gemini,buy,1590.981483
2026-03-11 00:14:08.402000+00:00,1773188048,1773188048402,2840140987658712,70080.78,0.01213,gemini,buy,850.0798614
2026-03-11 00:14:08.402000+00:00,1773188048,1773188048402,2840140987658711,70080.77,0.00339538,gemini,buy,237.95084484260002
2026-03-11 00:14:08.402000+00:00,1773188048,1773188048402,2840140987658703,70079.73,0.0227,gemini,buy,1590.809871
2026-03-11 00:14:08.402000+00:00,1773188048,1773188048402,2840140987658702,70079.57,0.017,gemini,buy,1191.3526900000002
2026-03-11 00:14:08.402000+00:00,1773188048,1773188048402,2840140987658701,70079.39,0.00428,gemini,buy,299.9397892
2026-03-11 00:14:08.402000+00:00,1773188048,1773188048402,2840140987658700,70075.88,0.1498674,gemini,buy,10502.089938312001
2026-03-11 00:14:08.402000+00:00,1773188048,1773188048402,2840140987658699,70075.88,0.00428,gemini,buy,299.9247664
2026-03-11 00:14:08.402000+00:00,1773188048,1773188048402,2840140987658698,70075.41,0.03746685,gemini,buy,2625.5048751585005
2026-03-11 00:14:02.396000+00:00,1773188042,1773188042396,2840140987658694,70072.72,0.00074621,gemini,buy,52.2889643912
2026-03-11 00:13:28.247000+00:00,1773188008,1773188008247,2840140987658666,70088.58,0.000114,gemini,buy,7.990098120000001
2026-03-11 00:13:11.356000+00:00,1773187991,1773187991356,2840140987658662,70085.31,0.02366774,gemini,buy,1658.7608948994
2026-03-11 00:12:20.187000+00:00,1773187940,1773187940187,2840140987658589,70059.71,0.00041766,gemini,sell,29.261138478600003
2026-03-11 00:12:15.934000+00:00,1773187935,1773187935934,2840140987658567,70057.86,0.0495,gemini,buy,3467.86407
2026-03-11 00:12:15.934000+00:00,1773187935,1773187935934,2840140987658563,70053.1,0.01063672,gemini,buy,745.1352098320001
2026-03-11 00:12:15.925000+00:00,1773187935,1773187935925,2840140987658559,70044.29,0.01063732,gemini,buy,745.0835269027999
2026-03-11 00:12:13.736000+00:00,1773187933,1773187933736,2840140987658555,70044.28,0.00057039,gemini,sell,39.9525568692
2026-03-11 00:11:51.484000+00:00,1773187911,1773187911484,2840140987658537,70042.54,0.01245799,gemini,buy,872.5892628946
2026-03-11 00:11:49.577000+00:00,1773187909,1773187909577,2840140987658531,70016.96,7.464e-05,gemini,buy,5.2260658944000005
2026-03-11 00:11:49.521000+00:00,1773187909,1773187909521,2840140987658529,70016.96,0.0114,gemini,buy,798.1933440000001
2026-03-11 00:11:39.288000+00:00,1773187899,1773187899288,2840140987658495,70016.38,0.01243729,gemini,buy,870.8140228102001
2026-03-11 00:11:25.594000+00:00,1773187885,1773187885594,2840140987658475,69983.25,0.017,gemini,sell,1189.7152500000002
2026-03-11 00:11:24.892000+00:00,1773187884,1773187884892,2840140987658471,69984.28,0.0227,gemini,sell,1588.643156
2026-03-11 00:11:24.802000+00:00,1773187884,1773187884802,2840140987658467,69984.06,0.017,gemini,sell,1189.72902
2026-03-11 00:10:34.303000+00:00,1773187834,1773187834303,2840140987658444,69942.2,0.00984838,gemini,sell,688.817363636
2026-03-11 00:10:29.111000+00:00,1773187829,1773187829111,2840140987658418,69939.91,0.0046,gemini,buy,321.723586
2026-03-11 00:10:29.111000+00:00,1773187829,1773187829111,2840140987658417,69939.91,0.0227,gemini,buy,1587.6359570000002
2026-03-11 00:10:29.111000+00:00,1773187829,1773187829111,2840140987658416,69939.75,0.0227,gemini,buy,1587.632325
2026-03-11 00:10:28.324000+00:00,1773187828,1773187828324,2840140987658414,69941.08,0.0227,gemini,buy,1587.662516
2026-03-11 00:10:14.395000+00:00,1773187814,1773187814395,2840140987658379,69960.45,0.00391175,gemini,buy,273.6677902875
2026-03-11 00:10:14.395000+00:00,1773187814,1773187814395,2840140987658378,69959.35,0.017,gemini,buy,1189.30895
2026-03-11 00:10:12.417000+00:00,1773187812,1773187812417,2840140987658376,69973.1,0.0005,gemini,sell,34.98655
2026-03-11 00:10:12.403000+00:00,1773187812,1773187812403,2840140987658372,69971.73,0.017,gemini,buy,1189.51941
2026-03-11 00:09:57.067000+00:00,1773187797,1773187797067,2840140987658323,69996.38,0.017,gemini,buy,1189.93846
2026-03-11 00:09:52.327000+00:00,1773187792,1773187792327,2840140987658321,70006.03,0.01063672,gemini,buy,744.6345394216
2026-03-11 00:09:45.166000+00:00,1773187785,1773187785166,2840140987658306,69975.83,1e-05,gemini,buy,0.6997583
2026-03-11 00:09:37.464000+00:00,1773187777,1773187777464,2840140987658302,69945.19,7.32e-06,gemini,buy,0.5119987908
2026-03-11 00:09:37.387000+00:00,1773187777,1773187777387,2840140987658298,69945.19,0.01063,gemini,buy,743.5173697
2026-03-11 00:09:27.814000+00:00,1773187767,1773187767814,2840140987658244,69945.32,0.00026,gemini,sell,18.1857832
2026-03-11 00:08:43.627000+00:00,1773187723,1773187723627,2840140987658182,69907.2,0.0002154,gemini,sell,15.05801088
2026-03-11 00:08:23.105000+00:00,1773187703,1773187703105,2840140987658137,69928.0,0.09559559,gemini,buy,6684.808417519999
2026-03-11 00:08:23.105000+00:00,1773187703,1773187703105,2840140987658136,69927.16,0.017,gemini,buy,1188.7617200000002
2026-03-11 00:08:23.105000+00:00,1773187703,1773187703105,2840140987658135,69926.52,0.15016353,gemini,buy,10500.4130838156
2026-03-11 00:08:23.105000+00:00,1773187703,1773187703105,2840140987658134,69925.96,0.02,gemini,buy,1398.5192000000002
2026-03-11 00:08:23.105000+00:00,1773187703,1773187703105,2840140987658133,69925.95,0.02,gemini,buy,1398.519
2026-03-11 00:08:23.105000+00:00,1773187703,1773187703105,2840140987658132,69925.94,0.02,gemini,buy,1398.5188
2026-03-11 00:08:23.105000+00:00,1773187703,1773187703105,2840140987658131,69923.51,0.03754088,gemini,buy,2624.9900980887996
2026-03-11 00:08:23.105000+00:00,1773187703,1773187703105,2840140987658130,69920.34,0.0227,gemini,buy,1587.191718
2026-03-11 00:08:23.105000+00:00,1773187703,1773187703105,2840140987658129,69920.16,0.017,gemini,buy,1188.64272
2026-03-11 00:07:34.510000+00:00,1773187654,1773187654510,2840140987658112,69912.54,0.017,gemini,sell,1188.51318
2026-03-11 00:07:03.993000+00:00,1773187623,1773187623993,2840140987658074,69915.93,3.732e-05,gemini,buy,2.6092625076
2026-03-11 00:07:03.951000+00:00,1773187623,1773187623951,2840140987658070,69915.93,0.0106,gemini,buy,741.1088579999999
2026-03-11 00:06:48.228000+00:00,1773187608,1773187608228,2840140987658049,69890.05,0.00854,gemini,sell,596.861027
2026-03-11 00:06:21.402000+00:00,1773187581,1773187581402,2840140987658035,69864.98,0.00361,gemini,sell,252.2125778
2026-03-11 00:06:21.257000+00:00,1773187581,1773187581257,2840140987658030,69853.05,0.00049913,gemini,buy,34.8657528465
2026-03-11 00:06:21.257000+00:00,1773187581,1773187581257,2840140987658029,69839.41,8.7e-07,gemini,buy,0.060760286700000006
2026-03-11 00:06:21.257000+00:00,1773187581,1773187581257,2840140987658027,69839.41,0.01145,gemini,buy,799.6612445000001
2026-03-11 00:05:30.767000+00:00,1773187530,1773187530767,2840140987657964,69799.74,8.668e-05,gemini,buy,6.050241463200001
2026-03-11 00:05:27.551000+00:00,1773187527,1773187527551,2840140987657960,69799.74,0.0091,gemini,buy,635.1776340000001
2026-03-11 00:05:26.253000+00:00,1773187526,1773187526253,2840140987657936,69799.73,2.393e-05,gemini,sell,1.6703075389
2026-03-11 00:05:19.471000+00:00,1773187519,1773187519471,2840140987657927,69799.74,0.00145064,gemini,buy,101.25429483360001
2026-03-11 00:05:19.471000+00:00,1773187519,1773187519471,2840140987657926,69799.73,0.01098725,gemini,buy,766.9070834425
2026-03-11 00:05:17.057000+00:00,1773187517,1773187517057,2840140987657918,69799.72,0.006,gemini,sell,418.79832
2026-03-11 00:04:58.729000+00:00,1773187498,1773187498729,2840140987657875,69784.91,0.03227193,gemini,buy,2252.0937305763
2026-03-11 00:04:58.729000+00:00,1773187498,1773187498729,2840140987657874,69782.48,0.03762494,gemini,buy,2625.5616230512
2026-03-11 00:04:53.877000+00:00,1773187493,1773187493877,2840140987657870,69784.97,0.00109015,gemini,buy,76.07608504550001
2026-03-11 00:04:49.538000+00:00,1773187489,1773187489538,2840140987657864,69793.2,1.304e-05,gemini,sell,0.910103328
2026-03-11 00:04:39.184000+00:00,1773187479,1773187479184,2840140987657826,69797.83,0.017,gemini,buy,1186.56311
2026-03-11 00:03:41.007000+00:00,1773187421,1773187421007,2840140987657754,69871.74,0.00077675,gemini,sell,54.272874045
2026-03-11 00:03:16.269000+00:00,1773187396,1773187396269,2840140987657745,69847.55,0.00996268,gemini,buy,695.8687894340001
2026-03-11 00:03:16.269000+00:00,1773187396,1773187396269,2840140987657744,69845.77,3.732e-05,gemini,buy,2.6066441364000004
2026-03-11 00:02:52.755000+00:00,1773187372,1773187372755,2840140987657732,69840.5,0.00101,gemini,sell,70.538905
2026-03-11 00:02:52.742000+00:00,1773187372,1773187372742,2840140987657730,69827.89,0.03759793,gemini,buy,2625.3841202677
2026-03-11 00:02:38.606000+00:00,1773187358,1773187358606,2840140987657721,69834.4,0.04437527,gemini,sell,3098.920355288
2026-03-11 00:02:38.606000+00:00,1773187358,1773187358606,2840140987657720,69834.79,0.0227,gemini,sell,1585.2497329999999
2026-03-11 00:02:33.350000+00:00,1773187353,1773187353350,2840140987657714,69811.33,0.017,gemini,buy,1186.7926100000002
2026-03-11 00:01:56.964000+00:00,1773187316,1773187316964,2840140987657695,69845.76,0.01861243,gemini,sell,1299.9993187967998
2026-03-11 00:01:39.241000+00:00,1773187299,1773187299241,2840140987657689,69845.76,0.00957312,gemini,sell,668.6418419711999
2026-03-11 00:01:37.758000+00:00,1773187297,1773187297758,2840140987657687,69845.77,0.0106,gemini,buy,740.365162
2026-03-11 00:01:37.486000+00:00,1773187297,1773187297486,2840140987657683,69845.76,0.00161243,gemini,sell,112.6213987968
2026-03-11 00:01:37.486000+00:00,1773187297,1773187297486,2840140987657682,69845.76,0.017,gemini,sell,1187.37792
2026-03-11 00:01:26.587000+00:00,1773187286,1773187286587,2840140987657660,69843.84,0.00143045,gemini,sell,99.90812092799999
2026-03-11 00:01:23.857000+00:00,1773187283,1773187283857,2840140987657656,69851.25,0.0148718,gemini,sell,1038.81381975
2026-03-11 00:01:23.394000+00:00,1773187283,1773187283394,2840140987657650,69826.59,2.385e-05,gemini,buy,1.6653641715
2026-03-11 00:01:23.389000+00:00,1773187283,1773187283389,2840140987657646,69826.59,0.0106,gemini,buy,740.161854
2026-03-11 00:01:08.989000+00:00,1773187268,1773187268989,2840140987657620,69825.89,0.017,gemini,buy,1187.04013
2026-03-11 00:01:07.786000+00:00,1773187267,1773187267786,2840140987657614,69825.84,0.01126233,gemini,buy,786.4016526071999
2026-03-11 00:01:07.722000+00:00,1773187267,1773187267722,2840140987657610,69833.38,0.017,gemini,sell,1187.1674600000001
2026-03-11 00:01:07.722000+00:00,1773187267,1773187267722,2840140987657609,69833.38,0.0227,gemini,sell,1585.2177260000003
2026-03-11 00:01:01.780000+00:00,1773187261,1773187261780,2840140987657593,69835.63,0.0227,gemini,buy,1585.2688010000002
2026-03-11 00:00:59.612000+00:00,1773187259,1773187259612,2840140987657583,69853.99,0.0227,gemini,buy,1585.6855730000002
2026-03-11 00:00:56.151000+00:00,1773187256,1773187256151,2840140987657579,69854.53,0.017,gemini,buy,1187.52701
2026-03-11 00:00:55.086000+00:00,1773187255,1773187255086,2840140987657577,69864.59,0.0227,gemini,sell,1585.926193
2026-03-11 00:00:53.766000+00:00,1773187253,1773187253766,2840140987657573,69862.83,0.017,gemini,buy,1187.66811
2026-03-11 00:00:52.255000+00:00,1773187252,1773187252255,2840140987657562,69845.03,0.0227,gemini,buy,1585.482181
2026-03-11 00:00:44.889000+00:00,1773187244,1773187244889,2840140987657547,69852.93,0.017,gemini,buy,1187.49981
2026-03-11 00:00:44.889000+00:00,1773187244,1773187244889,2840140987657546,69852.93,0.0227,gemini,buy,1585.661511
2026-03-11 00:00:43.511000+00:00,1773187243,1773187243511,2840140987657532,69901.24,0.01215,gemini,sell,849.300066
2026-03-11 00:00:43.511000+00:00,1773187243,1773187243511,2840140987657531,69901.26,0.00429,gemini,sell,299.8764054
2026-03-11 00:00:43.511000+00:00,1773187243,1773187243511,2840140987657530,69904.74,0.01215,gemini,sell,849.342591
2026-03-11 00:00:43.511000+00:00,1773187243,1773187243511,2840140987657529,69904.76,0.00429,gemini,sell,299.8914204
2026-03-11 00:00:43.511000+00:00,1773187243,1773187243511,2840140987657528,69908.26,0.00429,gemini,sell,299.9064354
2026-03-11 00:00:43.506000+00:00,1773187243,1773187243506,2840140987657518,69913.0,0.0693,gemini,sell,4844.9709
2026-03-11 00:00:43.506000+00:00,1773187243,1773187243506,2840140987657516,69913.0,0.135,gemini,sell,9438.255000000001
2026-03-11 00:00:43.506000+00:00,1773187243,1773187243506,2840140987657512,69913.0,0.1012,gemini,sell,7075.1956
2026-03-11 00:00:43.506000+00:00,1773187243,1773187243506,2840140987657508,69913.0,0.1012,gemini,sell,7075.1956
2026-03-11 00:00:43.506000+00:00,1773187243,1773187243506,2840140987657506,69913.0,0.135,gemini,sell,9438.255000000001
2026-03-11 00:00:43.505000+00:00,1773187243,1773187243505,2840140987657502,69913.0,0.1012,gemini,sell,7075.1956
2026-03-11 00:00:43.505000+00:00,1773187243,1773187243505,2840140987657500,69913.0,0.135,gemini,sell,9438.255000000001
2026-03-11 00:00:43.505000+00:00,1773187243,1773187243505,2840140987657496,69913.0,0.1012,gemini,sell,7075.1956
2026-03-11 00:00:43.505000+00:00,1773187243,1773187243505,2840140987657494,69913.0,0.135,gemini,sell,9438.255000000001
2026-03-11 00:00:43.505000+00:00,1773187243,1773187243505,2840140987657490,69913.0,0.1012,gemini,sell,7075.1956
2026-03-11 00:00:43.505000+00:00,1773187243,1773187243505,2840140987657488,69913.0,0.135,gemini,sell,9438.255000000001
2026-03-11 00:00:43.505000+00:00,1773187243,1773187243505,2840140987657486,69913.0,0.1392,gemini,sell,9731.889599999999
2026-03-11 00:00:43.504000+00:00,1773187243,1773187243504,2840140987657482,69913.0,0.0105,gemini,sell,734.0865
2026-03-11 00:00:43.497000+00:00,1773187243,1773187243497,2840140987657480,69917.02,0.0227,gemini,sell,1587.1163540000002
2026-03-11 00:00:43.495000+00:00,1773187243,1773187243495,2840140987657468,69920.2,0.35,gemini,sell,24472.069999999996
2026-03-11 00:00:39.477000+00:00,1773187239,1773187239477,2840140987657458,69916.8,0.00743698,gemini,sell,519.969843264
2026-03-11 00:00:39.276000+00:00,1773187239,1773187239276,2840140987657456,69917.6,0.03718668,gemini,sell,2600.0034175680003
2026-03-11 00:00:39.227000+00:00,1773187239,1773187239227,2840140987657454,69918.71,0.01430175,gemini,buy,999.9599107425001
2026-03-11 00:00:35.152000+00:00,1773187235,1773187235152,2840140987657449,69915.0,0.0227,gemini,buy,1587.0705
2026-03-11 00:00:35.152000+00:00,1773187235,1773187235152,2840140987657448,69914.28,0.017,gemini,buy,1188.54276
2026-03-11 00:00:32.787000+00:00,1773187232,1773187232787,2840140987657446,69919.22,0.00371879,gemini,sell,260.0148961438
2026-03-11 00:00:27.877000+00:00,1773187227,1773187227877,2840140987657444,69900.0,0.01859716,gemini,sell,1299.9414840000002
2026-03-11 00:00:27.860000+00:00,1773187227,1773187227860,2840140987657442,69900.0,0.00371929,gemini,sell,259.978371
2026-03-11 00:00:27.843000+00:00,1773187227,1773187227843,2840140987657440,69900.0,0.00429185,gemini,sell,300.000315
2026-03-11 00:00:27.688000+00:00,1773187227,1773187227688,2840140987657438,69900.0,0.07818453,gemini,sell,5465.098647
2026-03-11 00:00:27.686000+00:00,1773187227,1773187227686,2840140987657436,69900.0,0.00371934,gemini,sell,259.98186599999997
2026-03-11 00:00:26.875000+00:00,1773187226,1773187226875,2840140987657428,69900.0,0.07436862,gemini,sell,5198.366537999999
2026-03-11 00:00:26.678000+00:00,1773187226,1773187226678,2840140987657422,69893.83,0.00709405,gemini,sell,495.8303247115
2026-03-11 00:00:26.678000+00:00,1773187226,1773187226678,2840140987657421,69896.0,0.017,gemini,sell,1188.2320000000002
2026-03-11 00:00:26.678000+00:00,1773187226,1773187226678,2840140987657420,69904.74,0.02205643,gemini,sell,1541.8490044782
2026-03-11 00:00:26.655000+00:00,1773187226,1773187226655,2840140987657416,69904.74,0.00064357,gemini,sell,44.988593521800006
2026-03-11 00:00:26.206000+00:00,1773187226,1773187226206,2840140987657412,69904.74,0.00122268,gemini,sell,85.47112750320001
2026-03-11 00:00:26.206000+00:00,1773187226,1773187226206,2840140987657411,69904.74,0.0227,gemini,sell,1586.8375980000003
2026-03-11 00:00:26.166000+00:00,1773187226,1773187226166,2840140987657407,69904.0,0.00983805,gemini,sell,687.7190472
2026-03-11 00:00:26.166000+00:00,1773187226,1773187226166,2840140987657406,69904.74,0.01215,gemini,sell,849.342591
2026-03-11 00:00:26.166000+00:00,1773187226,1773187226166,2840140987657405,69911.86,0.0227,gemini,sell,1586.9992220000001
2026-03-11 00:00:25.483000+00:00,1773187225,1773187225483,2840140987657401,69921.95,0.00371844,gemini,sell,260.00057575799997
2026-03-11 00:00:25.047000+00:00,1773187225,1773187225047,2840140987657399,69917.47,0.00037179,gemini,sell,25.9946161713
2026-03-11 00:00:24.926000+00:00,1773187224,1773187224926,2840140987657395,69919.4,0.0030035,gemini,sell,210.0029179
2026-03-11 00:00:24.794000+00:00,1773187224,1773187224794,2840140987657391,69921.79,0.00037187,gemini,sell,26.001816047299997
2026-03-11 00:00:24.216000+00:00,1773187224,1773187224216,2840140987657387,69917.39,0.0106458,gemini,buy,744.326550462
2026-03-11 00:00:24.126000+00:00,1773187224,1773187224126,2840140987657382,69920.19,0.0123513,gemini,sell,863.605242747
2026-03-11 00:00:24.126000+00:00,1773187224,1773187224126,2840140987657381,69920.24,0.0227,gemini,sell,1587.1894480000003
2026-03-11 00:00:24.126000+00:00,1773187224,1773187224126,2840140987657380,69920.24,0.017,gemini,sell,1188.6440800000003
2026-03-11 00:00:23.936000+00:00,1773187223,1773187223936,2840140987657378,69917.02,0.00042899,gemini,sell,29.993702409800004
2026-03-11 00:00:23.747000+00:00,1773187223,1773187223747,2840140987657375,69917.0,0.00863565,gemini,sell,603.77874105
2026-03-11 00:00:23.747000+00:00,1773187223,1773187223747,2840140987657374,69931.0,0.00566415,gemini,sell,396.09967365
2026-03-11 00:00:03.569000+00:00,1773187203,1773187203569,2840140987657338,69943.6,0.15,gemini,sell,10491.54
2026-03-11 00:00:03.569000+00:00,1773187203,1773187203569,2840140987657335,69943.6,0.1899786,gemini,sell,13287.787206960002
2026-03-11 00:00:03.569000+00:00,1773187203,1773187203569,2840140987657334,69944.91,2.14e-05,gemini,sell,1.4968210739999999
2026-03-11 00:00:03.551000+00:00,1773187203,1773187203551,2840140987657332,69950.7,0.0005,gemini,sell,34.97535
2026-03-11 00:00:03.531000+00:00,1773187203,1773187203531,2840140987657302,69951.33,0.000343,gemini,sell,23.99330619
2026-03-11 00:00:03.531000+00:00,1773187203,1773187203531,2840140987657301,69951.34,0.0227,gemini,sell,1587.895418
2026-03-11 00:00:03.531000+00:00,1773187203,1773187203531,2840140987657300,69951.79,0.0227,gemini,sell,1587.9056329999999
2026-03-10 23:59:46.637000+00:00,1773187186,1773187186637,2840140987657294,69963.33,1e-05,gemini,buy,0.6996333000000001
2026-03-10 23:59:31.523000+00:00,1773187171,1773187171523,2840140987657281,69931.01,0.01063732,gemini,buy,743.8785312932
2026-03-10 23:59:08.233000+00:00,1773187148,1773187148233,2840140987657252,69925.01,0.017,gemini,buy,1188.72517
2026-03-10 23:59:08.233000+00:00,1773187148,1773187148233,2840140987657251,69925.01,0.03754061,gemini,buy,2625.0275296561
2026-03-10 23:57:37.801000+00:00,1773187057,1773187057801,2840140987657212,69907.36,3.732e-05,gemini,buy,2.6089426752000002
2026-03-10 23:57:37.796000+00:00,1773187057,1773187057796,2840140987657208,69907.36,0.0106,gemini,buy,741.018016
2026-03-10 23:57:28.491000+00:00,1773187048,1773187048491,2840140987657194,69907.36,0.01346534,gemini,buy,941.3263709024
2026-03-10 23:55:20.775000+00:00,1773186920,1773186920775,2840140987657152,69942.54,0.0005,gemini,buy,34.97127
2026-03-10 23:55:20.767000+00:00,1773186920,1773186920767,2840140987657150,69914.05,1.581e-05,gemini,buy,1.1053411305
2026-03-10 23:55:20.762000+00:00,1773186920,1773186920762,2840140987657148,69914.05,0.0124,gemini,buy,866.93422
2026-03-10 23:54:55.927000+00:00,1773186895,1773186895927,2840140987657126,69891.27,5.39e-06,gemini,buy,0.3767139453
2026-03-10 23:54:55.926000+00:00,1773186895,1773186895926,2840140987657124,69891.27,0.0118,gemini,buy,824.716986
2026-03-10 23:54:29.644000+00:00,1773186869,1773186869644,2840140987657058,69858.94,1.023e-05,gemini,buy,0.7146569562
2026-03-10 23:54:29.643000+00:00,1773186869,1773186869643,2840140987657054,69858.94,0.01062709,gemini,buy,742.3972426846001
2026-03-10 23:54:29.643000+00:00,1773186869,1773186869643,2840140987657053,69858.94,0.00397291,gemini,buy,277.5432813154
2026-03-10 23:54:23.891000+00:00,1773186863,1773186863891,2840140987657043,69858.94,0.00124375,gemini,buy,86.88705662500001
2026-03-10 23:54:21.625000+00:00,1773186861,1773186861625,2840140987657036,69857.22,0.017,gemini,buy,1187.57274
2026-03-10 23:54:21.625000+00:00,1773186861,1773186861625,2840140987657035,69857.21,0.0227,gemini,buy,1585.7586670000003
2026-03-10 23:54:21.625000+00:00,1773186861,1773186861625,2840140987657034,69857.21,0.017,gemini,buy,1187.5725700000003
2026-03-10 23:54:21.471000+00:00,1773186861,1773186861471,2840140987657030,69854.46,0.017,gemini,buy,1187.5258200000003
2026-03-10 23:54:18.876000+00:00,1773186858,1773186858876,2840140987657026,69858.94,0.00696229,gemini,buy,486.3781993726
2026-03-10 23:53:11.766000+00:00,1773186791,1773186791766,2840140987656959,69919.01,0.01519903,gemini,buy,1062.7011305603
2026-03-10 23:53:11.766000+00:00,1773186791,1773186791766,2840140987656958,69919.01,0.017,gemini,buy,1188.62317
2026-03-10 23:53:11.766000+00:00,1773186791,1773186791766,2840140987656957,69919.01,0.03755464,gemini,buy,2625.7832497063996
2026-03-10 23:52:28.105000+00:00,1773186748,1773186748105,2840140987656927,69919.83,3.732e-05,gemini,buy,2.6094080556000003
2026-03-10 23:52:26.074000+00:00,1773186746,1773186746074,2840140987656923,69919.83,0.0106,gemini,buy,741.150198
2026-03-10 23:51:52.159000+00:00,1773186712,1773186712159,2840140987656911,69916.85,0.00749943,gemini,buy,524.3365223955
2026-03-10 23:51:52.159000+00:00,1773186712,1773186712159,2840140987656910,69916.85,0.03755344,gemini,buy,2625.6182314640005
2026-03-10 23:50:28.896000+00:00,1773186628,1773186628896,2840140987656788,69933.55,1.196e-05,gemini,buy,0.8364052580000001
2026-03-10 23:50:28.896000+00:00,1773186628,1773186628896,2840140987656786,69933.55,0.01062536,gemini,buy,743.069144828
2026-03-10 23:50:28.896000+00:00,1773186628,1773186628896,2840140987656785,69933.55,0.00537464,gemini,buy,375.867655172
2026-03-10 23:50:27.025000+00:00,1773186627,1773186627025,2840140987656776,69933.54,0.01429929,gemini,sell,999.9999691865999
2026-03-10 23:50:22.094000+00:00,1773186622,1773186622094,2840140987656772,69933.55,0.00526268,gemini,buy,368.037894914
2026-03-10 23:50:22.094000+00:00,1773186622,1773186622094,2840140987656771,69933.55,0.01063732,gemini,buy,743.9055500860001
2026-03-10 23:50:14.679000+00:00,1773186614,1773186614679,2840140987656763,69926.55,3.732e-05,gemini,buy,2.6096588460000003
2026-03-10 23:50:14.673000+00:00,1773186614,1773186614673,2840140987656757,69926.55,0.0106,gemini,buy,741.22143
2026-03-10 23:49:52.837000+00:00,1773186592,1773186592837,2840140987656729,69902.31,0.01390555,gemini,buy,972.0300668204999
2026-03-10 23:49:52.837000+00:00,1773186592,1773186592837,2840140987656728,69901.36,5.074e-05,gemini,buy,3.5467950064
2026-03-10 23:49:26.628000+00:00,1773186566,1773186566628,2840140987656711,69933.54,0.12860006,gemini,sell,8993.457440012398
2026-03-10 23:47:59.165000+00:00,1773186479,1773186479165,2840140987656627,69933.54,0.00065408,gemini,sell,45.7421298432
2026-03-10 23:46:01.754000+00:00,1773186361,1773186361754,2840140987656601,69933.54,0.017,gemini,buy,1188.87018
2026-03-10 23:44:36.122000+00:00,1773186276,1773186276122,2840140987656518,69927.05,0.01075067,gemini,buy,751.7626386235
2026-03-10 23:43:32.259000+00:00,1773186212,1773186212259,2840140987656463,69935.26,0.017,gemini,buy,1188.89942
2026-03-10 23:43:32.259000+00:00,1773186212,1773186212259,2840140987656462,69924.86,1.095e-05,gemini,buy,0.765677217
2026-03-10 23:43:13.356000+00:00,1773186193,1773186193356,2840140987656432,69923.38,0.00885733,gemini,sell,619.3344513754
2026-03-10 23:42:51.533000+00:00,1773186171,1773186171533,2840140987656400,69908.8,0.15023458,gemini,buy,10502.719206304
2026-03-10 23:42:51.532000+00:00,1773186171,1773186171532,2840140987656398,69905.79,0.03755865,gemini,buy,2625.5670995835
2026-03-10 23:41:40.206000+00:00,1773186100,1773186100206,2840140987656338,69931.49,7.149e-05,gemini,sell,4.9994022201
2026-03-10 23:41:34.165000+00:00,1773186094,1773186094165,2840140987656332,69928.06,0.017,gemini,buy,1188.77702
2026-03-10 23:41:08.573000+00:00,1773186068,1773186068573,2840140987656326,69942.83,0.017,gemini,sell,1189.0281100000002
2026-03-10 23:41:00.573000+00:00,1773186060,1773186060573,2840140987656320,69928.65,0.0227,gemini,sell,1587.380355
2026-03-10 23:41:00.573000+00:00,1773186060,1773186060573,2840140987656319,69928.65,0.017,gemini,sell,1188.78705
2026-03-10 23:40:03.981000+00:00,1773186003,1773186003981,2840140987656277,69920.06,7.151e-05,gemini,sell,4.9999834906
2026-03-10 23:40:00.336000+00:00,1773186000,1773186000336,2840140987656262,69936.1,0.0227,gemini,buy,1587.5494700000002
2026-03-10 23:40:00.336000+00:00,1773186000,1773186000336,2840140987656261,69936.1,0.017,gemini,buy,1188.9137000000003
2026-03-10 23:40:00.336000+00:00,1773186000,1773186000336,2840140987656260,69935.35,0.0227,gemini,buy,1587.5324450000003
2026-03-10 23:40:00.336000+00:00,1773186000,1773186000336,2840140987656259,69935.35,0.017,gemini,buy,1188.9009500000002
2026-03-10 23:40:00.336000+00:00,1773186000,1773186000336,2840140987656258,69935.31,0.0227,gemini,buy,1587.531537
2026-03-10 23:40:00.336000+00:00,1773186000,1773186000336,2840140987656257,69935.31,0.017,gemini,buy,1188.90027
2026-03-10 23:39:29.364000+00:00,1773185969,1773185969364,2840140987656221,69928.69,0.0227,gemini,sell,1587.3812630000002
2026-03-10 23:38:05.064000+00:00,1773185885,1773185885064,2840140987656184,69936.25,0.017,gemini,buy,1188.91625
2026-03-10 23:38:05.058000+00:00,1773185885,1773185885058,2840140987656180,69938.21,0.00313,gemini,buy,218.90659730000002
2026-03-10 23:37:56.926000+00:00,1773185876,1773185876926,2840140987656171,69953.6,0.07324231,gemini,sell,5123.563256816001
2026-03-10 23:37:56.926000+00:00,1773185876,1773185876926,2840140987656170,69953.61,0.02,gemini,sell,1399.0722
2026-03-10 23:37:56.926000+00:00,1773185876,1773185876926,2840140987656169,69960.91,0.0227,gemini,sell,1588.1126570000001
2026-03-10 23:37:56.926000+00:00,1773185876,1773185876926,2840140987656168,69961.69,0.017,gemini,sell,1189.3487300000002
2026-03-10 23:37:56.926000+00:00,1773185876,1773185876926,2840140987656167,69961.7,0.0227,gemini,sell,1588.13059
2026-03-10 23:37:56.926000+00:00,1773185876,1773185876926,2840140987656166,69963.33,0.017,gemini,sell,1189.37661
2026-03-10 23:37:49.479000+00:00,1773185869,1773185869479,2840140987656158,69950.0,0.01063732,gemini,buy,744.0805340000001
2026-03-10 23:37:49.479000+00:00,1773185869,1773185869479,2840140987656157,69950.0,0.05006774,gemini,buy,3502.238413
2026-03-10 23:37:41.647000+00:00,1773185861,1773185861647,2840140987656111,69945.31,0.00514218,gemini,buy,359.67137417579994
2026-03-10 23:37:41.647000+00:00,1773185861,1773185861647,2840140987656110,69938.31,0.01185782,gemini,buy,829.3158910842
2026-03-10 23:37:41.647000+00:00,1773185861,1773185861647,2840140987656108,69938.31,0.017,gemini,buy,1188.95127
2026-03-10 23:37:41.646000+00:00,1773185861,1773185861646,2840140987656105,69930.62,0.15018405,gemini,buy,10502.463730611
2026-03-10 23:37:41.646000+00:00,1773185861,1773185861646,2840140987656104,69928.35,0.03754806,gemini,buy,2625.6738815010003
2026-03-10 23:37:16.552000+00:00,1773185836,1773185836552,2840140987656096,69938.31,0.00033664,gemini,buy,23.544032678399997
2026-03-10 23:36:48.947000+00:00,1773185808,1773185808947,2840140987656054,69930.35,6.979e-05,gemini,buy,4.8804391265
2026-03-10 23:36:45.108000+00:00,1773185805,1773185805108,2840140987656048,69932.8,0.00269816,gemini,sell,188.689883648
2026-03-10 23:36:42.336000+00:00,1773185802,1773185802336,2840140987656044,69922.67,0.01223197,gemini,buy,855.2920017599
2026-03-10 23:36:14.286000+00:00,1773185774,1773185774286,2840140987656034,69889.9,0.00035355,gemini,buy,24.709574144999998
2026-03-10 23:36:10.613000+00:00,1773185770,1773185770613,2840140987656030,69890.92,0.0002931,gemini,buy,20.485028652
2026-03-10 23:35:59.229000+00:00,1773185759,1773185759229,2840140987656024,69910.0,0.00033494,gemini,buy,23.4156554
2026-03-10 23:35:55.315000+00:00,1773185755,1773185755315,2840140987656018,69925.66,9.769e-05,gemini,buy,6.8310377254
2026-03-10 23:35:54.732000+00:00,1773185754,1773185754732,2840140987655996,69883.49,2.42e-06,gemini,buy,0.16911804580000003
2026-03-10 23:35:54.655000+00:00,1773185754,1773185754655,2840140987655992,69883.49,0.01131,gemini,buy,790.3822719000001
2026-03-10 23:35:50.721000+00:00,1773185750,1773185750721,2840140987655986,69883.49,6.984e-05,gemini,buy,4.8806629416
2026-03-10 23:35:18.730000+00:00,1773185718,1773185718730,2840140987655952,69859.67,0.0001396,gemini,buy,9.752409932
2026-03-10 23:35:18.718000+00:00,1773185718,1773185718718,2840140987655950,69849.64,7.32e-06,gemini,buy,0.5112993648
2026-03-10 23:35:09.719000+00:00,1773185709,1773185709719,2840140987655944,69849.64,0.01063,gemini,buy,742.5016732
2026-03-10 23:35:05.444000+00:00,1773185705,1773185705444,2840140987655940,69858.01,0.00034908,gemini,buy,24.3860341308
2026-03-10 23:34:53.269000+00:00,1773185693,1773185693269,2840140987655914,69895.64,0.0227,gemini,buy,1586.631028
2026-03-10 23:34:46.174000+00:00,1773185686,1773185686174,2840140987655912,69879.46,0.0227,gemini,buy,1586.2637420000003
2026-03-10 23:34:38.448000+00:00,1773185678,1773185678448,2840140987655906,69889.77,0.00139578,gemini,buy,97.5507431706
